SL No:,Customer,Month,Amount
1,A1,12-Jan-04,495414.75
2,A1,3-Jan-04,245899.02
3,A1,15-Jan-04,259490.06
4,A1,25-Jan-04,437555.12
5,A1,17-Jan-05,165972.88
6,A1,23-Feb-05,365366.62
7,A1,1-Feb-05,14473.41
8,A8,5-Feb-04,156913.59
9,A9,28-Feb-05,417294.81
10,A10,16-Feb-05,48759.19
11,A11,23-Feb-05,208317.94
12,A12,3-Feb-05,150281.43
13,A13,4-Feb-06,339078.03
14,A14,25-Mar-06,137834.5
15,A15,31-Mar-06,437119.51
16,A16,23-Mar-06,103923.7
17,A17,19-Mar-04,408466.94
18,A18,5-Mar-06,213352.06
19,A19,4-Apr-05,347826.27
20,A20,30-Apr-06,471099.22
21,A21,25-Apr-04,380802.6
22,A22,19-Apr-06,219264.02
23,A23,6-Apr-04,80345.51
24,A24,27-Apr-05,242730.35
25,A25,5-May-04,246473.42
26,A26,6-May-06,470982.16
27,A27,7-May-05,357375.59
28,A28,8-May-06,326050.15
29,A29,9-May-05,215083.37
30,A30,10-May-06,481343.32
31,A31,11-Jul-06,130109.14
32,A32,12-Aug-05,99528.43
33,A33,13-Sep-04,2273.98
34,A34,20-Nov-05,73899.28
35,A35,21-Nov-06,135040.11
36,A36,22-Nov-05,472033.29
37,A37,23-Nov-04,345181.82
38,A38,24-May-05,337727.51
39,A39,25-May-05,27105.36
40,A40,26-May-05,77876.87
41,A41,27-May-05,493499.91
42,A42,28-May-05,307896.6
43,A43,29-May-05,214029.49
44,A44,30-May-05,193865.45
45,A45,31-May-05,412236.42
46,A46,1-Jun-05,58285.12
47,A47,2-Jun-05,165210.56
48,A48,3-Jun-05,67748.66
49,A49,3-Jul-05,172212.79
50,A50,3-Aug-05,314859.52
51,A51,3-Sep-05,205161.39
52,A52,3-Oct-05,458495.13
53,A53,3-Nov-05,384469.34
54,A54,3-Dec-05,215719.14
55,A55,3-Jan-06,465702.01
56,A56,3-Feb-06,244372.73
57,A57,3-Mar-06,167016.85
58,A58,3-Apr-06,338653.47
59,A59,3-May-06,426385.83
60,A60,3-Jun-06,448060.59
61,A61,3-Jul-06,141695.73
62,A60,3-Aug-06,305642.34
63,A61,3-Sep-06,117439.14
64,A62,3-Oct-06,113270
65,A63,3-Nov-06,211117.12
66,A64,3-Dec-06,212614.48
67,A65,12-Jan-04,468922.6
68,A66,3-Jan-04,477039.78
69,A67,15-Jan-04,67845.6
70,A68,25-Jan-04,105098.26
71,A69,17-Jan-05,140533.08
72,A70,23-Feb-05,327639.37
73,A71,1-Feb-05,30997.74
74,A72,5-Feb-04,327006.94
75,A73,28-Feb-05,100712.38
76,A74,16-Feb-05,326559.01
77,A75,23-Feb-05,481338.08
78,A76,3-Feb-05,265619.05
79,A77,4-Feb-06,3159.62
80,A78,25-Mar-06,55344.81
81,A79,31-Mar-06,193230.31
82,A80,23-Mar-06,481205.64
83,A81,24-Mar-06,207780.32
84,A82,25-Mar-06,342200.74
85,A83,26-Mar-06,132844.13
86,A84,27-Mar-06,464121.13
87,A85,28-Mar-06,270527.39
88,A86,29-Mar-06,295851.47
89,A87,30-Mar-06,462283.02
90,A88,31-Mar-06,146821.3
91,A89,1-Apr-06,497237.97
92,A90,2-Apr-06,109931.32
93,A91,3-Apr-06,247781
94,A92,4-Apr-06,459105.69
95,A93,12-Jan-04,342326.14
96,A94,3-Jan-04,153465.89
97,A95,15-Jan-04,369405.96
98,A96,25-Jan-04,310992.3
99,A97,12-Jan-04,121874.9
100,A98,3-Jan-04,337815.57
101,A99,15-Jan-04,25682.73
102,A100,25-Jan-04,69551.19
103,A1,12-Jan-04,350446.82
104,A2,3-Jan-04,185955.07
105,A3,15-Jan-04,84876.34
106,A4,25-Jan-04,299143.09
107,A5,12-Jan-04,185530.18
108,A6,3-Jan-04,478981.53
109,A7,15-Jan-04,192775.99
110,A8,12-Jan-04,350999.98
111,A9,3-Jan-04,40869.43
112,A10,15-Jan-04,397059.17
113,A11,25-Jan-04,458474.93
114,A12,17-Jan-05,13379.96
115,A13,23-Feb-05,462058.63
116,A14,1-Feb-05,262549.83
117,A1,5-Feb-04,117964.43
118,A2,28-Feb-05,412783.34
119,A3,16-Feb-05,435829.71
120,A4,23-Feb-05,167988.37
121,A5,3-Feb-05,165348.26
122,A6,4-Feb-06,387298.06
123,A7,25-Mar-06,94582.65
124,A8,31-Mar-06,155642.95
125,A9,23-Mar-06,102190.34
126,A10,19-Mar-04,11900.61
127,A11,5-Mar-06,149947.54
128,A12,4-Apr-05,171574.18
129,A13,30-Apr-06,160898.98
130,A14,25-Apr-04,453661.84
131,A1,19-Apr-06,79849.19
132,A2,6-Apr-04,148038.67
133,A3,27-Apr-05,336323.41
134,A4,5-May-04,257762.74
135,A5,6-May-06,31781.24
136,A6,7-May-05,218856.15
137,A7,8-May-06,85745.75
138,A8,9-May-05,145457.38
139,A9,10-May-06,170988.06
140,A10,11-Jul-06,358194.65
141,A11,12-Aug-05,332677.61
142,A12,13-Sep-04,289407.01
143,A13,20-Nov-05,137903.91
144,A14,21-Nov-06,22692.95
145,A1,22-Nov-05,402099.78
146,A2,23-Nov-04,179144.68
147,A3,24-May-05,136493.67
148,A4,25-May-05,26925.53
149,A5,5-May-04,8797.07
150,A6,6-May-06,54065.23
151,A7,7-May-05,67065.56
152,A8,8-May-06,361184.89
153,A9,9-May-05,136969.63
154,A10,10-May-06,14301.86
155,A11,11-Jul-06,128484.37
156,A12,12-Aug-05,120471.17
157,A13,13-Sep-04,439840.91
158,A14,20-Nov-05,397945.07
159,A1,21-Nov-06,169358.4
160,A2,22-Nov-05,10274
161,A3,23-Nov-04,233364.46
162,A4,24-May-05,358341.19
163,A5,25-May-05,326532.48
164,A6,26-May-05,119216.68
165,A7,27-May-05,401337.63
166,A8,28-May-05,355979.34
167,A9,29-May-05,203517.42
168,A10,30-May-05,192550.99
169,A11,31-May-05,354172.42
170,A12,1-Jun-05,450664.18
171,A13,2-Jun-05,210782.51
172,A14,3-Jun-05,9887.74
173,A1,3-Jul-05,297176.74
174,A2,3-Aug-05,381635.66
175,A3,3-Sep-05,369413.74
176,A4,3-Oct-05,373214.8
177,A5,3-Nov-05,81884.13
178,A6,3-Dec-05,27398.18
179,A7,3-Jan-06,94004.28
180,A8,3-Feb-06,490957.38
181,A9,3-Mar-06,274545.23
182,A10,3-Apr-06,18330.89
183,A11,3-May-06,379240.77
184,A12,3-Jun-06,75561.64
185,A13,3-Jul-06,424603.55
186,A14,3-Aug-06,198623.13
187,A1,3-Sep-06,186427.5
188,A2,3-Oct-06,298423.86
189,A3,3-Nov-06,233945.84
190,A4,3-Dec-06,277825.13
191,A5,12-Jan-04,213056.83
192,A6,3-Jan-04,192714.74
193,A7,15-Jan-04,441906.93
194,A8,25-Jan-04,103325.39
195,A9,17-Jan-05,429340.01
196,A10,23-Feb-05,179019.64
197,A11,1-Feb-05,92573.47
198,A12,5-Feb-04,412914.78
199,A13,28-Feb-05,464781.64
200,A14,16-Feb-05,335634.81
201,A1,23-Feb-05,96670.7
202,A2,3-Feb-05,431953.19
203,A3,4-Feb-06,288900.12
204,A4,25-Mar-06,271095.26
205,A5,31-Mar-06,175514.06
206,A6,23-Mar-06,197962.09
207,A7,24-Mar-06,86674.88
208,A8,25-Mar-06,31802.4
209,A9,26-Mar-06,299793.75
210,A10,27-Mar-06,458643.68
211,A11,28-Mar-06,358690.48
212,A12,29-Mar-06,239672.94
213,A13,30-Mar-06,113956.32
214,A14,31-Mar-06,267810.55
215,A1,1-Apr-06,429099.97
216,A2,2-Apr-06,339899.24
217,A3,3-Apr-06,79705.12
218,A4,4-Apr-06,100644.99
219,A5,12-Jan-04,333037.8
220,A6,3-Jan-04,385541.49
221,A7,15-Jan-04,158436.47
222,A8,25-Jan-04,475525.36
223,A9,12-Jan-04,39314.91
224,A10,3-Jan-04,307678.72
225,A11,15-Jan-04,69513.3
226,A12,25-Jan-04,219352.84
227,A13,12-Jan-04,465305.81
228,A14,3-Jan-04,312439.76
229,A1,15-Jan-04,453027.64
230,A2,25-Jan-04,298200.38
231,A3,12-Jan-04,327273.46
232,A4,3-Jan-04,15557.49
233,A5,15-Jan-04,156388.37
234,A6,12-Jan-04,187436.58
235,A7,3-Jan-04,110225.07
236,A8,15-Jan-04,168524.22
237,A9,25-Jan-04,184923.45
238,A10,17-Jan-05,211299.62
239,A11,23-Feb-05,442370.14
240,A12,1-Feb-05,400450.57
241,A13,5-Feb-04,269503.29
242,A14,28-Feb-05,177114.2
243,A1,16-Feb-05,187398.64
244,A2,23-Feb-05,132970.25
245,A3,3-Feb-05,104406.96
246,A4,4-Feb-06,357358.11
247,A5,25-Mar-06,175413.18
248,A6,31-Mar-06,236055.93
249,A7,23-Mar-06,47988.31
250,A8,19-Mar-04,371681.75
251,A9,5-Mar-06,309755.6
252,A10,4-Apr-05,3121.88
253,A11,30-Apr-06,116375.65
254,A12,25-Apr-04,429751.89
255,A13,19-Apr-06,333493.42
256,A14,6-Apr-04,358920.36
257,A5,27-Apr-05,7276.6
258,A6,5-May-04,48574.15
259,A7,6-May-06,400375.97
260,A8,7-May-05,470274.39
261,A9,8-May-06,87585.98
262,A10,9-May-05,26944.61
263,A11,10-May-06,332077.52
264,A12,11-Jul-06,344969.11
265,A13,12-Aug-05,444905.55
266,A14,5-May-04,212622.51
267,A15,6-May-06,321684.83
268,A16,7-May-05,27330.96
269,A17,8-May-06,234053.99
270,A18,9-May-05,402894.96
271,A19,10-May-06,284384.54
272,A20,11-Jul-06,125789.06
273,A21,12-Aug-05,394173.66
274,A22,13-Sep-04,3604.58
275,A5,20-Nov-05,478284.25
276,A6,21-Nov-06,53215.28
277,A7,22-Nov-05,55108.71
278,A8,23-Nov-04,453649.34
279,A9,24-May-05,143557.98
280,A10,25-May-05,160893.32
281,A11,26-May-05,288831.59
282,A12,27-May-05,198563.01
283,A13,28-May-05,309835.5
284,A14,29-May-05,243922.47
285,A15,30-May-05,365542.48
286,A16,31-May-05,398262.74
287,A17,1-Jun-05,160665.44
288,A18,2-Jun-05,268556.31
289,A19,3-Jun-05,55869.98
290,A20,3-Jul-05,12311.27
291,A21,3-Aug-05,442316.54
292,A22,3-Sep-05,362182.7
293,A5,3-Oct-05,106289.18
294,A6,3-Nov-05,339019.52
295,A7,3-Dec-05,429700.12
296,A8,3-Jan-06,375175.23
297,A9,3-Feb-06,66920.41
298,A10,3-Mar-06,249847.34
299,A11,3-Apr-06,342159.77
300,A12,3-May-06,475049.52
301,A13,3-Jun-06,186555.52
302,A14,3-Jul-06,41962.19
303,A15,3-Aug-06,17981.25
304,A16,3-Sep-06,339373.25
305,A17,3-Oct-06,412459.19
306,A18,3-Nov-06,195876.51
307,A19,3-Dec-06,169987.85
308,A20,12-Jan-04,375694.96
309,A21,3-Jan-04,210427.78
310,A22,15-Jan-04,429311.06
311,A5,25-Jan-04,129317.21
312,A6,17-Jan-05,192374.09
313,A7,23-Feb-05,344628.72
314,A8,1-Feb-05,190048.24
315,A9,5-Feb-04,492608.93
316,A10,28-Feb-05,424254.68
317,A11,16-Feb-05,326527.71
318,A12,23-Feb-05,458617.08
319,A13,3-Feb-05,217347.65
320,A14,4-Feb-06,6804.22
321,A15,25-Mar-06,262100.76
322,A16,31-Mar-06,13804.36
323,A17,23-Mar-06,444996.81
324,A18,24-Mar-06,441039.88
325,A19,25-Mar-06,190212.08
326,A20,26-Mar-06,179826.1
327,A21,27-Mar-06,351450.1
328,A22,28-Mar-06,281567.68
329,A5,29-Mar-06,365777.46
330,A6,30-Mar-06,255499.69
331,A7,31-Mar-06,336264.37
332,A8,1-Apr-06,127926.49
333,A9,2-Apr-06,43323.9
334,A10,3-Apr-06,457294.64
335,A11,4-Apr-06,499930.66
336,A12,12-Jan-04,366694.13
337,A13,3-Jan-04,294101.71
338,A14,15-Jan-04,238399.45
339,A15,25-Jan-04,129808.72
340,A16,12-Jan-04,484624.19
341,A17,3-Jan-04,104323.71
342,A18,15-Jan-04,406501.59
343,A19,25-Jan-04,57524.44
344,A20,12-Jan-04,153540.16
345,A21,3-Jan-04,432751.25
346,A22,15-Jan-04,363041.33
347,A5,25-Jan-04,100258.65
348,A6,12-Jan-04,377254.32
349,A7,3-Jan-04,473662.61
350,A8,15-Jan-04,493210.52
351,A9,12-Jan-04,443277.34
352,A10,3-Jan-04,175552.03
353,A11,15-Jan-04,430568.16
354,A12,25-Jan-04,330807.79
355,A13,17-Jan-05,386518.41
356,A14,23-Feb-05,350149.89
357,A15,1-Feb-05,194420.82
358,A16,5-Feb-04,50358.44
359,A17,28-Feb-05,374865.01
360,A18,16-Feb-05,38296.41
361,A19,23-Feb-05,477491.51
362,A20,3-Feb-05,220681.41
363,A21,4-Feb-06,406096.67
364,A22,25-Mar-06,257321.06
365,A12,31-Mar-06,393141.72
366,A13,23-Mar-06,170743.97
367,A14,19-Mar-04,425031.99
368,A15,5-Mar-06,33491.82
369,A16,4-Apr-05,338710.86
370,A17,30-Apr-06,391463.29
371,A18,25-Apr-04,250429.66
372,A19,19-Apr-06,313391.53
373,A20,6-Apr-04,347978.28
374,A21,27-Apr-05,18883.95
375,A22,5-May-04,152613.38
376,A23,6-May-06,234139.72
377,A24,7-May-05,259373.49
378,A25,8-May-06,452685.93
379,A26,9-May-05,141279.81
380,A27,10-May-06,351660.46
381,A28,11-Jul-06,319405.61
382,A29,12-Aug-05,192737.48
383,A30,5-May-04,496754.84
384,A12,6-May-06,16888.1
385,A13,7-May-05,87254.42
386,A14,8-May-06,301965.95
387,A15,9-May-05,356235.03
388,A16,10-May-06,143835
389,A17,11-Jul-06,118112.45
390,A18,12-Aug-05,274256.9
391,A19,13-Sep-04,384470.75
392,A20,20-Nov-05,277757.25
393,A21,21-Nov-06,269546.03
394,A22,22-Nov-05,41542.81
395,A23,23-Nov-04,466178.21
396,A24,24-May-05,380788.59
397,A25,25-May-05,72601.74
398,A26,26-May-05,149479.43
399,A27,27-May-05,130828.49
400,A28,28-May-05,76099.18
401,A29,29-May-05,131801.93
402,A30,30-May-05,337199.44
403,A12,31-May-05,294136.82
404,A13,1-Jun-05,439763.88
405,A14,2-Jun-05,31241.24
406,A15,3-Jun-05,49334.38
407,A16,3-Jul-05,367100.15
408,A17,3-Aug-05,98341.04
409,A18,3-Sep-05,168067.16
410,A19,3-Oct-05,140415.33
411,A20,3-Nov-05,342030.38
412,A21,3-Dec-05,489260.28
413,A22,3-Jan-06,326909.16
414,A23,3-Feb-06,112063.91
415,A24,3-Mar-06,335283.31
416,A25,3-Apr-06,456294.79
417,A26,3-May-06,489138.12
418,A27,3-Jun-06,484419.68
419,A28,3-Jul-06,61054.79
420,A29,3-Aug-06,341365.93
421,A30,3-Sep-06,19761.75
422,A12,3-Oct-06,347528.59
423,A13,3-Nov-06,484688.54
424,A14,3-Dec-06,388821.96
425,A15,12-Jan-04,487671.4
426,A16,3-Jan-04,262142.78
427,A17,15-Jan-04,149552.7
428,A18,25-Jan-04,355305.57
429,A19,17-Jan-05,94479.51
430,A20,23-Feb-05,213741.25
431,A21,1-Feb-05,330195
432,A22,5-Feb-04,49814.89
433,A23,28-Feb-05,312943.16
434,A24,16-Feb-05,86589.13
435,A25,23-Feb-05,307615.7
436,A26,3-Feb-05,313118.51
437,A27,4-Feb-06,87030.86
438,A28,25-Mar-06,395095.33
439,A29,31-Mar-06,355632.86
440,A30,23-Mar-06,20888.41
441,A12,24-Mar-06,98470.42
442,A13,25-Mar-06,494061.6
443,A14,26-Mar-06,138459.02
444,A15,27-Mar-06,340251.99
445,A16,28-Mar-06,89550.41
446,A17,29-Mar-06,169871.3
447,A18,30-Mar-06,375344.31
448,A19,31-Mar-06,157933.51
449,A20,1-Apr-06,406103.51
450,A21,2-Apr-06,410448.18
451,A22,3-Apr-06,92140.92
452,A23,4-Apr-06,128909.28
453,A24,12-Jan-04,24111.18
454,A25,3-Jan-04,86317.08
455,A26,15-Jan-04,182526.38
456,A27,25-Jan-04,255497.88
457,A28,12-Jan-04,97077.77
458,A29,3-Jan-04,156232.92
459,A30,15-Jan-04,100398.67
460,A12,25-Jan-04,204117.58
461,A13,12-Jan-04,369976.86
462,A14,3-Jan-04,302408.5
463,A15,15-Jan-04,384183.76
464,A16,25-Jan-04,203703.32
465,A17,12-Jan-04,426479.22
466,A18,3-Jan-04,457966.08
467,A19,15-Jan-04,20114.19
468,A20,12-Jan-04,267679.45
469,A21,3-Jan-04,302056.88
470,A22,15-Jan-04,483926.54
471,A23,25-Jan-04,348942.77
472,A24,17-Jan-05,103062.14
473,A25,23-Feb-05,36151.25
474,A26,1-Feb-05,324151.44
475,A27,5-Feb-04,429484.76
476,A28,28-Feb-05,207864.32
477,A29,16-Feb-05,237536.35
478,A30,23-Feb-05,299295.58
479,A12,3-Feb-05,59062.67
480,A13,4-Feb-06,142996.22
481,A14,25-Mar-06,253549.89
482,A15,31-Mar-06,301570.02
483,A16,23-Mar-06,206863.77
484,A17,19-Mar-04,255335.34
485,A18,5-Mar-06,323868.57
486,A19,4-Apr-05,115795.63
487,A20,30-Apr-06,349408.06
488,A21,25-Apr-04,66949.5
489,A22,19-Apr-06,452164.81
490,A23,6-Apr-04,24735.08
491,A24,27-Apr-05,165490.33
492,A25,5-May-04,298699.17
493,A26,6-May-06,456060.27
494,A27,7-May-05,81523.05
495,A28,8-May-06,130708.63
496,A29,9-May-05,69504.56
497,A30,10-May-06,163228.8
498,A12,11-Jul-06,358958.58
499,A13,12-Aug-05,206967.38
500,A14,5-May-04,326909.73
501,A15,6-May-06,477194.24
502,A16,7-May-05,2787.39
503,A17,8-May-06,148827.7
504,A18,9-May-05,211590.61
505,A19,10-May-06,412244.29
506,A20,11-Jul-06,99511.67
507,A21,12-Aug-05,485424.14
508,A22,13-Sep-04,191467.49
509,A23,20-Nov-05,265581.61
510,A24,21-Nov-06,103932.9
511,A25,22-Nov-05,1619.24
512,A26,23-Nov-04,82167.81
513,A27,24-May-05,447235.93
514,A28,25-May-05,400330.36
515,A29,26-May-05,192642.32
516,A30,27-May-05,303233.96
517,A12,28-May-05,63596.17
518,A13,29-May-05,235510.83
519,A14,30-May-05,332865.97
520,A15,31-May-05,433112.39
521,A16,1-Jun-05,92055.06
522,A17,2-Jun-05,97272.34
523,A18,3-Jun-05,238013.48
524,A19,3-Jul-05,281361.68
525,A20,3-Aug-05,213205.01
526,A21,3-Sep-05,449509.39
527,A22,3-Oct-05,124904.98
528,A23,3-Nov-05,137240.13
529,A24,3-Dec-05,385470.83
530,A25,3-Jan-06,349067.75
531,A26,3-Feb-06,495344.76
532,A27,3-Mar-06,496780.73
533,A28,3-Apr-06,115326.71
534,A29,3-May-06,403498.49
535,A30,3-Jun-06,72609.24
536,A12,3-Jul-06,498001.25
537,A13,3-Aug-06,221431.58
538,A14,3-Sep-06,462300.8
539,A15,3-Oct-06,227585.03
540,A16,3-Nov-06,260514.95
541,A17,3-Dec-06,479227.3
542,A18,12-Jan-04,1240.63
543,A19,3-Jan-04,158594.82
544,A20,15-Jan-04,337926.07
545,A21,25-Jan-04,269674.17
546,A22,17-Jan-05,446974.62
547,A23,23-Feb-05,370797.38
548,A24,1-Feb-05,273630.94
549,A25,5-Feb-04,287936.59
550,A26,28-Feb-05,165385.61
551,A27,16-Feb-05,324598.4
552,A28,23-Feb-05,15573.54
553,A29,3-Feb-05,33109.51
554,A30,4-Feb-06,314255.73
555,A12,25-Mar-06,269849.09
556,A13,31-Mar-06,404807.16
557,A14,23-Mar-06,460200.56
558,A15,24-Mar-06,364161.98
559,A16,25-Mar-06,472718.78
560,A17,26-Mar-06,422159.88
561,A18,27-Mar-06,264902.72
562,A19,28-Mar-06,48272.44
563,A20,29-Mar-06,142558.46
564,A21,30-Mar-06,402301.36
565,A22,31-Mar-06,53130.91
566,A23,1-Apr-06,184416.22
567,A24,2-Apr-06,9683.68
568,A25,3-Apr-06,410333.09
569,A26,4-Apr-06,410658.92
570,A27,12-Jan-04,108626.21
571,A28,3-Jan-04,86854.18
572,A29,15-Jan-04,417309.91
573,A30,25-Jan-04,279113.63
574,A12,12-Jan-04,86034.88
575,A13,3-Jan-04,498284.19
576,A14,15-Jan-04,139867.16
577,A15,25-Jan-04,49838.73
578,A16,12-Jan-04,121382.43
579,A17,3-Jan-04,81290.11
580,A18,15-Jan-04,90352.08
581,A19,25-Jan-04,170824.09
582,A20,12-Jan-04,59829.23
583,A21,3-Jan-04,415697.29
584,A22,15-Jan-04,394532.35
585,A23,12-Jan-04,429309.45
586,A24,3-Jan-04,224689.44
587,A25,15-Jan-04,135309.38
588,A26,25-Jan-04,333890.37
589,A27,17-Jan-05,42552.74
590,A28,23-Feb-05,426460.05
591,A29,1-Feb-05,266951.86
592,A30,5-Feb-04,102510.03
593,A12,28-Feb-05,496791.06
594,A13,16-Feb-05,154042.69
595,A14,23-Feb-05,350670.39
596,A15,3-Feb-05,322123.69
597,A16,4-Feb-06,280785.41
598,A17,25-Mar-06,306611.23
599,A18,31-Mar-06,332113.54
600,A19,23-Mar-06,117175.37
601,A20,19-Mar-04,240282.7
602,A21,5-Mar-06,113636.1
603,A22,4-Apr-05,307593.35
604,A23,30-Apr-06,158368.48
605,A24,25-Apr-04,12372.91
606,A25,19-Apr-06,194783.4
607,A26,6-Apr-04,147773.68
608,A27,27-Apr-05,379529.81
609,A28,5-May-04,210543.47
610,A29,6-May-06,74572.22
611,A30,7-May-05,262119.88
612,A21,8-May-06,33868.33
613,A22,9-May-05,445154.23
614,A23,10-May-06,475136.67
615,A24,11-Jul-06,380333.3
616,A25,12-Aug-05,1168.46
617,A26,5-May-04,130658.98
618,A27,6-May-06,63250.72
619,A28,7-May-05,360059.59
620,A29,8-May-06,482778.64
621,A30,9-May-05,398904.74
622,A31,10-May-06,121736.19
623,A32,11-Jul-06,137150.37
624,A33,12-Aug-05,365544.42
625,A34,13-Sep-04,81344.52
626,A35,20-Nov-05,267856.63
627,A36,21-Nov-06,299638.45
628,A37,22-Nov-05,316995.07
629,A38,23-Nov-04,171777.74
630,A39,24-May-05,363232.95
631,A40,25-May-05,302665.85
632,A41,26-May-05,113162.1
633,A42,27-May-05,426214.94
634,A43,28-May-05,490814.79
635,A44,29-May-05,93910.42
636,A45,30-May-05,332112.62
637,A46,31-May-05,469524.73
638,A47,1-Jun-05,277615.5
639,A48,2-Jun-05,103166.71
640,A49,3-Jun-05,37377.35
641,A21,3-Jul-05,108209.03
642,A22,3-Aug-05,169341.46
643,A23,3-Sep-05,199221.99
644,A24,3-Oct-05,98261.85
645,A25,3-Nov-05,188563.47
646,A26,3-Dec-05,417177.67
647,A27,3-Jan-06,183103.78
648,A28,3-Feb-06,318811.88
649,A29,3-Mar-06,410086.11
650,A30,3-Apr-06,425694.16
651,A31,3-May-06,85880.99
652,A32,3-Jun-06,284410.26
653,A33,3-Jul-06,428595.18
654,A34,3-Aug-06,205246.85
655,A35,3-Sep-06,249105.03
656,A36,3-Oct-06,234343.03
657,A37,3-Nov-06,334631.4
658,A38,3-Dec-06,492660.82
659,A39,12-Jan-04,223330.14
660,A40,3-Jan-04,438201.47
661,A41,15-Jan-04,476997.06
662,A42,25-Jan-04,229410.31
663,A43,17-Jan-05,71540.68
664,A44,23-Feb-05,136296.24
665,A45,1-Feb-05,482338.57
666,A46,5-Feb-04,208860.85
667,A47,28-Feb-05,118461.94
668,A48,16-Feb-05,174298.33
669,A49,23-Feb-05,114620.09
670,A21,3-Feb-05,395046.54
671,A22,4-Feb-06,351039.48
672,A23,25-Mar-06,236830
673,A24,31-Mar-06,285039.38
674,A25,23-Mar-06,118227.35
675,A26,24-Mar-06,70579.41
676,A27,25-Mar-06,148498.19
677,A28,26-Mar-06,289699.71
678,A29,27-Mar-06,260894.74
679,A30,28-Mar-06,32985.28
680,A31,29-Mar-06,313756.71
681,A32,30-Mar-06,267750.16
682,A33,31-Mar-06,244831.61
683,A34,1-Apr-06,252926.33
684,A35,2-Apr-06,256474.98
685,A36,3-Apr-06,315988.94
686,A37,4-Apr-06,477730.54
687,A38,12-Jan-04,258847.78
688,A39,3-Jan-04,28494.84
689,A40,15-Jan-04,312510.63
690,A41,25-Jan-04,2456.87
691,A42,12-Jan-04,401363.29
692,A43,3-Jan-04,37972.68
693,A44,15-Jan-04,106403.79
694,A45,25-Jan-04,161244.47
695,A46,12-Jan-04,148034.6
696,A47,3-Jan-04,306927.84
697,A48,15-Jan-04,66771.24
698,A49,25-Jan-04,406925.14
699,A21,12-Jan-04,395183.42
700,A22,3-Jan-04,483245.51
701,A23,15-Jan-04,456468.39
702,A24,12-Jan-04,115178.7
703,A25,3-Jan-04,274473.27
704,A26,15-Jan-04,79160.72
705,A27,25-Jan-04,16992.28
706,A28,17-Jan-05,451169.45
707,A29,23-Feb-05,4220.25
708,A30,1-Feb-05,289028.69
709,A31,5-Feb-04,407599.13
710,A32,28-Feb-05,418896.84
711,A33,16-Feb-05,342468.09
712,A34,23-Feb-05,53182.46
713,A35,3-Feb-05,202740.17
714,A36,4-Feb-06,350414.18
715,A37,25-Mar-06,378310.73
716,A38,31-Mar-06,339553.1
717,A39,23-Mar-06,176347.5
718,A40,19-Mar-04,398063.76
719,A41,5-Mar-06,87417.47
720,A42,4-Apr-05,173199.87
721,A43,30-Apr-06,277006.96
722,A44,25-Apr-04,84514.47
723,A45,19-Apr-06,176703.42
724,A46,6-Apr-04,249310.63
725,A47,27-Apr-05,348992.15
726,A48,5-May-04,454762.77
727,A49,6-May-06,91731.58
728,A21,7-May-05,22402.48
729,A22,8-May-06,165572.81
730,A23,9-May-05,240751.23
731,A24,10-May-06,1370.84
732,A25,11-Jul-06,221121.56
733,A26,12-Aug-05,398164.37
734,A27,5-May-04,423643.87
735,A28,6-May-06,473313.07
736,A29,7-May-05,161197.38
737,A30,8-May-06,49201.73
738,A31,9-May-05,438848.56
739,A32,10-May-06,18858.86
740,A33,11-Jul-06,396124.84
741,A34,12-Aug-05,293209.49
742,A35,13-Sep-04,31811.8
743,A36,20-Nov-05,367209.15
744,A37,21-Nov-06,244040.85
745,A38,22-Nov-05,136309.34
746,A39,23-Nov-04,21716.06
747,A40,24-May-05,194880.87
748,A41,25-May-05,21440.76
749,A42,26-May-05,367320.11
750,A43,27-May-05,81721.01
751,A44,28-May-05,364007.57
752,A45,29-May-05,423236.29
753,A46,30-May-05,373651.3
754,A47,31-May-05,174878.11
755,A48,1-Jun-05,248235.37
756,A49,2-Jun-05,329224.73
757,A21,3-Jun-05,212853.99
758,A22,3-Jul-05,238688.54
759,A23,3-Aug-05,170028.69
760,A24,3-Sep-05,428164.73
761,A25,3-Oct-05,129668.84
762,A26,3-Nov-05,173747.26
763,A27,3-Dec-05,136860.63
764,A28,3-Jan-06,84875.95
765,A29,3-Feb-06,85329.7
766,A30,3-Mar-06,120377.58
767,A31,3-Apr-06,13054.67
768,A32,3-May-06,62569.1
769,A33,3-Jun-06,448965.39
770,A34,3-Jul-06,175103.69
771,A35,3-Aug-06,221873.36
772,A36,3-Sep-06,406166.71
773,A37,3-Oct-06,86820.21
774,A38,3-Nov-06,138714.56
775,A39,3-Dec-06,278687.47
776,A40,12-Jan-04,472094.9
777,A41,3-Jan-04,192378.3
778,A42,15-Jan-04,343606.96
779,A43,25-Jan-04,109536.84
780,A44,17-Jan-05,464352.17
781,A45,23-Feb-05,220739.59
782,A46,1-Feb-05,44231.79
783,A47,5-Feb-04,288568.47
784,A48,28-Feb-05,334597.29
785,A49,16-Feb-05,81704.61
786,A21,23-Feb-05,22190.97
787,A22,3-Feb-05,206706.51
788,A23,4-Feb-06,72917.32
789,A24,25-Mar-06,263585.99
790,A25,31-Mar-06,341838.81
791,A26,23-Mar-06,265322.98
792,A27,24-Mar-06,133747.43
793,A28,25-Mar-06,471171.45
794,A29,26-Mar-06,94555.26
795,A30,27-Mar-06,140229.15
796,A31,28-Mar-06,31679.04
797,A32,29-Mar-06,219307.12
798,A33,30-Mar-06,447698.41
799,A34,31-Mar-06,28854.14
800,A35,1-Apr-06,195290.2
801,A36,2-Apr-06,347224.98
802,A37,3-Apr-06,495000.17
803,A38,4-Apr-06,100184.71
804,A39,12-Jan-04,310821.09
805,A40,3-Jan-04,64718.16
806,A41,15-Jan-04,145610.32
807,A42,25-Jan-04,3813.53
808,A43,12-Jan-04,223619.33
809,A44,3-Jan-04,361549.52
810,A45,15-Jan-04,88484.85
811,A46,25-Jan-04,402047.86
812,A47,12-Jan-04,412657.79
813,A48,3-Jan-04,99492.68
814,A49,15-Jan-04,83204.61
815,A21,25-Jan-04,41154.52
816,A22,12-Jan-04,420589.21
817,A23,3-Jan-04,302707.38
818,A24,15-Jan-04,170328.32
819,A25,12-Jan-04,274859.53
820,A26,3-Jan-04,161220.05
821,A27,15-Jan-04,343692.05
822,A28,25-Jan-04,288305.37
823,A29,17-Jan-05,201994.21
824,A30,23-Feb-05,249323.26
825,A31,1-Feb-05,105128.84
826,A32,5-Feb-04,344312.67
827,A33,28-Feb-05,325246.37
828,A34,16-Feb-05,45750.9
829,A35,23-Feb-05,334933.59
830,A36,3-Feb-05,97465.08
831,A37,4-Feb-06,452366.06
832,A38,25-Mar-06,292430.72
833,A39,31-Mar-06,343055.92
834,A40,23-Mar-06,120215.85
835,A41,19-Mar-04,2083.26
836,A42,5-Mar-06,42728.74
837,A43,4-Apr-05,335534.84
838,A44,30-Apr-06,231843.43
839,A45,25-Apr-04,487103.26
840,A46,19-Apr-06,27793.48
841,A47,6-Apr-04,12571.13
842,A48,27-Apr-05,263768.71
843,A49,5-May-04,142887.48
844,A21,6-May-06,251831.71
845,A22,7-May-05,487674.89
846,A23,8-May-06,292923.27
847,A24,9-May-05,409399.94
848,A25,10-May-06,440972.58
849,A26,11-Jul-06,213185.89
850,A27,12-Aug-05,472123.57
851,A28,5-May-04,256148.96
852,A29,6-May-06,455584.39
853,A30,7-May-05,300086.64
854,A31,8-May-06,331748.17
855,A32,9-May-05,90329.79
856,A33,10-May-06,332753.94
857,A34,11-Jul-06,48053.83
858,A35,12-Aug-05,30190.67
859,A36,13-Sep-04,429352.78
860,A37,20-Nov-05,77611.47
861,A38,21-Nov-06,101339.26
862,A39,22-Nov-05,109700.84
863,A40,23-Nov-04,429769.46
864,A41,24-May-05,454992.2
865,A42,25-May-05,111643.13
866,A43,26-May-05,330997.36
867,A44,27-May-05,289423.69
868,A45,28-May-05,396162.6
869,A46,29-May-05,14213.98
870,A47,30-May-05,204145.31
871,A48,31-May-05,419047.95
872,A49,1-Jun-05,483021.66
873,A21,2-Jun-05,177548.41
874,A22,3-Jun-05,408935.99
875,A23,3-Jul-05,230196.22
876,A24,3-Aug-05,211262.36
877,A25,3-Sep-05,336808.96
878,A26,3-Oct-05,351333.85
879,A27,3-Nov-05,409963.5
880,A28,3-Dec-05,451630.26
881,A29,3-Jan-06,321588.7
882,A30,3-Feb-06,67056.51
883,A31,3-Mar-06,396403.71
884,A32,3-Apr-06,333042.82
885,A33,3-May-06,365688.37
886,A34,3-Jun-06,104781.85
887,A35,3-Jul-06,235480.06
888,A36,3-Aug-06,281120.31
889,A37,3-Sep-06,257594.53
890,A38,3-Oct-06,317309.23
891,A39,3-Nov-06,129774.72
892,A40,3-Dec-06,169786.15
893,A41,12-Jan-04,18735.96
894,A42,3-Jan-04,224382.18
895,A43,15-Jan-04,471697.76
896,A44,25-Jan-04,265167.47
897,A45,17-Jan-05,269792.98
898,A46,23-Feb-05,364811.08
899,A47,1-Feb-05,336472.8
900,A48,5-Feb-04,271307.19
901,A49,28-Feb-05,215280.31
902,A21,16-Feb-05,119478.97
903,A22,23-Feb-05,156283.34
904,A23,3-Feb-05,257483.09
905,A24,4-Feb-06,448414.36
906,A25,25-Mar-06,245734.17
907,A26,31-Mar-06,80907.9
908,A27,23-Mar-06,197081.46
909,A28,24-Mar-06,391101.37
910,A29,25-Mar-06,148410.96
911,A30,26-Mar-06,284850.96
912,A31,27-Mar-06,103429.79
913,A32,28-Mar-06,53800.88
914,A33,29-Mar-06,325726.44
915,A34,30-Mar-06,305101.67
916,A35,31-Mar-06,450091.26
917,A36,1-Apr-06,399378.99
918,A37,2-Apr-06,6520.7
919,A38,3-Apr-06,268966.8
920,A39,4-Apr-06,472407.74
921,A40,12-Jan-04,66864.39
922,A41,3-Jan-04,201577.8
923,A42,15-Jan-04,325098.08
924,A43,25-Jan-04,460035.02
925,A44,12-Jan-04,254385.65
926,A45,3-Jan-04,484956.45
927,A46,15-Jan-04,271606.86
928,A47,25-Jan-04,148034.75
929,A48,12-Jan-04,337987.12
930,A49,3-Jan-04,17782.65
931,A21,15-Jan-04,394686.46
932,A22,25-Jan-04,483628.45
933,A23,12-Jan-04,59880.12
934,A24,3-Jan-04,60524.44
935,A25,15-Jan-04,269895.55
936,A26,12-Jan-04,373029.85
937,A27,3-Jan-04,264885.99
938,A28,15-Jan-04,26178.74
939,A29,25-Jan-04,377774.78
940,A30,17-Jan-05,228554.19
941,A31,23-Feb-05,449928.27
942,A32,1-Feb-05,87918.4
943,A33,5-Feb-04,450994.42
944,A34,28-Feb-05,335593.79
945,A35,16-Feb-05,426900.84
946,A36,23-Feb-05,21604.11
947,A37,3-Feb-05,106349.22
948,A38,4-Feb-06,454329.84
949,A39,25-Mar-06,353168.42
950,A40,31-Mar-06,497928.27
951,A41,23-Mar-06,34864.39
952,A42,19-Mar-04,145220.06
953,A43,5-Mar-06,226603.19
954,A44,4-Apr-05,30292.86
955,A45,30-Apr-06,399512.02
956,A46,25-Apr-04,466385.82
957,A47,19-Apr-06,161681.87
958,A48,6-Apr-04,305095.45
959,A49,27-Apr-05,170167.31
960,A21,5-May-04,240280.45
961,A22,6-May-06,321692.62
962,A23,7-May-05,447036.46
963,A24,8-May-06,479204.19
964,A25,9-May-05,470071.81
965,A26,10-May-06,378240.89
966,A27,11-Jul-06,241912.5
967,A28,12-Aug-05,437823.07
968,A29,5-May-04,425476.33
969,A30,6-May-06,294475.79
970,A31,7-May-05,454736.04
971,A32,8-May-06,140419.08
972,A33,9-May-05,326761.68
973,A34,10-May-06,197323.24
974,A35,11-Jul-06,169368.97
975,A36,12-Aug-05,17377.12
976,A37,13-Sep-04,25958.96
977,A38,20-Nov-05,404271.91
978,A39,21-Nov-06,31957.37
979,A40,22-Nov-05,236821.08
980,A41,23-Nov-04,55.86
981,A42,24-May-05,473177.1
982,A43,25-May-05,89907.47
983,A44,26-May-05,410817.5
984,A45,27-May-05,26949.28
985,A46,28-May-05,175753.7
986,A47,29-May-05,214550.57
987,A48,30-May-05,386873.69
988,A49,31-May-05,160090.81
989,A36,1-Jun-05,165533.79
990,A37,2-Jun-05,236079.8
991,A38,3-Jun-05,29532.29
992,A39,3-Jul-05,343050.41
993,A40,3-Aug-05,488742.81
994,A41,3-Sep-05,4110
995,A42,3-Oct-05,197897.82
996,A43,3-Nov-05,454364.16
997,A44,3-Dec-05,79696.21
998,A45,3-Jan-06,293895.7
999,A46,3-Feb-06,494046.29
1000,A47,3-Mar-06,427648.26
1001,A48,3-Apr-06,87359.12
1002,A49,3-May-06,490018.55
1003,A50,3-Jun-06,206150.39
1004,A51,3-Jul-06,163270.13
1005,A52,3-Aug-06,442850.42
1006,A53,3-Sep-06,249254.51
1007,A54,3-Oct-06,241392.8
1008,A55,3-Nov-06,185268.15
1009,A56,3-Dec-06,162103.09
1010,A57,12-Jan-04,440988.05
1011,A58,3-Jan-04,31977.43
1012,A59,15-Jan-04,493825.73
1013,A60,25-Jan-04,344020.41
1014,A61,17-Jan-05,379523.96
1015,A60,23-Feb-05,240977.23
1016,A61,1-Feb-05,313358.18
1017,A62,5-Feb-04,113317.83
1018,A36,28-Feb-05,167165.67
1019,A37,16-Feb-05,407707.96
1020,A38,23-Feb-05,345188.99
1021,A39,3-Feb-05,108573.87
1022,A40,4-Feb-06,341053.68
1023,A41,25-Mar-06,174590.36
1024,A42,31-Mar-06,20801.9
1025,A43,23-Mar-06,355639.39
1026,A44,24-Mar-06,23948.9
1027,A45,25-Mar-06,218575.36
1028,A46,26-Mar-06,255642.28
1029,A47,27-Mar-06,84875.97
1030,A48,28-Mar-06,480592.61
1031,A49,29-Mar-06,393595.5
1032,A50,30-Mar-06,106204.98
1033,A51,31-Mar-06,272046.55
1034,A52,1-Apr-06,246776.64
1035,A53,2-Apr-06,493590.96
1036,A54,3-Apr-06,238637.76
1037,A55,4-Apr-06,243784.94
1038,A56,12-Jan-04,9115.82
1039,A57,3-Jan-04,306326.87
1040,A58,15-Jan-04,139374.06
1041,A59,25-Jan-04,465841.15
1042,A60,12-Jan-04,327400.02
1043,A61,3-Jan-04,250703.65
1044,A60,15-Jan-04,398368.06
1045,A61,25-Jan-04,274783.02
1046,A62,12-Jan-04,352524.33
1047,A36,3-Jan-04,122486.54
1048,A37,15-Jan-04,99996.58
1049,A38,25-Jan-04,95843.84
1050,A39,12-Jan-04,219448.13
1051,A40,3-Jan-04,213328.24
1052,A41,15-Jan-04,278335.94
1053,A42,12-Jan-04,345966.81
1054,A43,3-Jan-04,80468.88
1055,A44,15-Jan-04,219899.68
1056,A45,25-Jan-04,181578.48
1057,A46,17-Jan-05,274581.94
1058,A47,23-Feb-05,399353.44
1059,A48,1-Feb-05,127400.48
1060,A49,5-Feb-04,310611.03
1061,A50,28-Feb-05,29753.02
1062,A51,16-Feb-05,295108.43
1063,A52,23-Feb-05,42341.42
1064,A53,3-Feb-05,329570.28
1065,A54,4-Feb-06,394830.51
1066,A55,25-Mar-06,344561.38
1067,A56,31-Mar-06,139586.67
1068,A57,23-Mar-06,78544.42
1069,A58,19-Mar-04,328774.35
1070,A59,5-Mar-06,221678.04
1071,A60,4-Apr-05,293495.93
1072,A61,30-Apr-06,492378.08
1073,A60,25-Apr-04,471236.83
1074,A61,19-Apr-06,477432.68
1075,A62,6-Apr-04,200155.07
1076,A36,27-Apr-05,48039.88
1077,A37,5-May-04,44579.08
1078,A38,6-May-06,80172.2
1079,A39,7-May-05,453417.45
1080,A40,8-May-06,75991.64
1081,A41,9-May-05,146021.03
1082,A42,10-May-06,408702.05
1083,A43,11-Jul-06,355871.15
1084,A44,12-Aug-05,188094.3
1085,A45,5-May-04,56814.29
1086,A46,6-May-06,416991.24
1087,A47,7-May-05,453048.51
1088,A48,8-May-06,291853.29
1089,A49,9-May-05,272829.68
1090,A50,10-May-06,213679.23
1091,A51,11-Jul-06,407154.67
1092,A52,12-Aug-05,35505.11
1093,A53,13-Sep-04,304492.5
1094,A54,20-Nov-05,469918.75
1095,A55,21-Nov-06,18518.41
1096,A56,22-Nov-05,193204.97
1097,A57,23-Nov-04,103841.25
1098,A58,24-May-05,48581.88
1099,A59,25-May-05,311132.81
1100,A60,26-May-05,470905.99
1101,A61,27-May-05,425132.51
1102,A60,28-May-05,318410.3
1103,A61,29-May-05,143633.16
1104,A62,30-May-05,424135.9
1105,A36,31-May-05,316914.74
1106,A37,1-Jun-05,370914.62
1107,A38,2-Jun-05,185739.75
1108,A39,3-Jun-05,235033.71
1109,A40,3-Jul-05,242107.49
1110,A41,3-Aug-05,6865.68
1111,A42,3-Sep-05,3937.81
1112,A43,3-Oct-05,415860.27
1113,A44,3-Nov-05,431079.67
1114,A45,3-Dec-05,410935.52
1115,A46,3-Jan-06,417493.07
1116,A47,3-Feb-06,20956.5
1117,A48,3-Mar-06,438025.57
1118,A49,3-Apr-06,338035.97
1119,A50,3-May-06,242446.75
1120,A51,3-Jun-06,309674.92
1121,A52,3-Jul-06,470475.57
1122,A53,3-Aug-06,50308.75
1123,A54,3-Sep-06,490775.95
1124,A55,3-Oct-06,201404.18
1125,A56,3-Nov-06,310371.26
1126,A57,3-Dec-06,194338.11
1127,A58,12-Jan-04,229993.67
1128,A59,3-Jan-04,122801.18
1129,A60,15-Jan-04,73528.67
1130,A61,25-Jan-04,22660.5
1131,A60,17-Jan-05,76322.99
1132,A61,23-Feb-05,113049.21
1133,A62,1-Feb-05,217528.5
1134,A36,5-Feb-04,498238.63
1135,A37,28-Feb-05,4723.41
1136,A38,16-Feb-05,77653.56
1137,A39,23-Feb-05,196307.11
1138,A40,3-Feb-05,88240.86
1139,A41,4-Feb-06,121807.91
1140,A42,25-Mar-06,42983.77
1141,A43,31-Mar-06,2561.06
1142,A44,23-Mar-06,184547.57
1143,A45,24-Mar-06,181649.04
1144,A46,25-Mar-06,272345.45
1145,A47,26-Mar-06,294130.86
1146,A48,27-Mar-06,126055.47
1147,A49,28-Mar-06,470885.58
1148,A50,29-Mar-06,373924.08
1149,A51,30-Mar-06,12217.2
1150,A52,31-Mar-06,320482.17
1151,A53,1-Apr-06,269353.5
1152,A54,2-Apr-06,337247.97
1153,A55,3-Apr-06,356937.28
1154,A56,4-Apr-06,456814.78
1155,A57,12-Jan-04,497223.08
1156,A58,3-Jan-04,30540.35
1157,A59,15-Jan-04,254230.01
1158,A60,25-Jan-04,196802.28
1159,A61,12-Jan-04,390380.18
1160,A60,3-Jan-04,487241.12
1161,A61,15-Jan-04,300217.24
1162,A62,25-Jan-04,247068.28
1163,A36,12-Jan-04,209008.14
1164,A37,3-Jan-04,186510.96
1165,A38,15-Jan-04,232352.49
1166,A39,25-Jan-04,247152.18
1167,A40,12-Jan-04,74607.54
1168,A41,3-Jan-04,69094.52
1169,A42,15-Jan-04,177932.57
1170,A43,12-Jan-04,226307.37
1171,A44,3-Jan-04,271526.06
1172,A45,15-Jan-04,357873.8
1173,A46,25-Jan-04,13614.32
1174,A47,17-Jan-05,286012.09
1175,A48,23-Feb-05,98805.74
1176,A49,1-Feb-05,262975.77
1177,A50,5-Feb-04,240576.07
1178,A51,28-Feb-05,214135.31
1179,A52,16-Feb-05,251012.55
1180,A53,23-Feb-05,79923.09
1181,A54,3-Feb-05,381877.88
1182,A55,4-Feb-06,364518.29
1183,A56,25-Mar-06,59694.75
1184,A57,31-Mar-06,495646.28
1185,A58,23-Mar-06,263028.06
1186,A59,19-Mar-04,175922.46
1187,A60,5-Mar-06,80510.35
1188,A61,4-Apr-05,277482.68
1189,A60,30-Apr-06,65442.61
1190,A61,25-Apr-04,388527.73
1191,A62,19-Apr-06,29083.79
1192,A36,6-Apr-04,63637.32
1193,A37,27-Apr-05,49279.16
1194,A38,5-May-04,74133.81
1195,A39,6-May-06,73591.59
1196,A40,7-May-05,12245.37
1197,A41,8-May-06,238512.8
1198,A42,9-May-05,328130.36
1199,A43,10-May-06,93174.27
1200,A44,11-Jul-06,285921.61
1201,A45,12-Aug-05,226289.58
1202,A46,17-Jan-05,263405.92
1203,A47,23-Feb-05,100763.66
1204,A48,1-Feb-05,95816.22
1205,A49,5-Feb-04,442503.44
1206,A50,28-Feb-05,251256.98
1207,A51,16-Feb-05,6145.92
1208,A52,23-Feb-05,91991.28
1209,A53,3-Feb-05,498258.64
1210,A54,4-Feb-06,372411.25
1211,A55,25-Mar-06,132121.96
1212,A56,31-Mar-06,432523.44
1213,A57,23-Mar-06,199804.67
1214,A58,19-Mar-04,307823.64
1215,A59,5-Mar-06,358336.67
1216,A60,4-Apr-05,442888.86
1217,A61,30-Apr-06,14909.17
1218,A60,25-Apr-04,397275.55
1219,A61,19-Apr-06,266925.06
1220,A62,6-Apr-04,433918.93
1221,A36,27-Apr-05,495838.08
1222,A37,5-May-04,139979.71
1223,A38,6-May-06,85283.88
1224,A39,7-May-05,382742.75
1225,A40,8-May-06,361842.72
1226,A41,9-May-05,126434.28
1227,A42,10-May-06,479208.1
1228,A43,11-Jul-06,448064.38
1229,A44,12-Aug-05,351400.42
1230,A45,13-Sep-04,64774.66
1231,A46,20-Nov-05,410656.47
1232,A47,21-Nov-06,32967.03
1233,A48,22-Nov-05,386282.74
1234,A49,23-Nov-04,78156.9
1235,A50,24-May-05,8304.43
1236,A51,25-May-05,74206.01
1237,A52,26-May-05,145665.69
1238,A53,27-May-05,189288.06
1239,A54,28-May-05,178099.91
1240,A55,29-May-05,129221.35
1241,A56,30-May-05,400670.11
1242,A57,31-May-05,294320.87
1243,A58,1-Jun-05,463913.14
1244,A59,2-Jun-05,10582.36
1245,A60,3-Jun-05,209871.15
1246,A61,3-Jul-05,299897.35
1247,A60,3-Aug-05,49639.08
1248,A61,3-Sep-05,154662.73
1249,A62,3-Oct-05,162860.73
1250,A36,3-Nov-05,72423.76
1251,A37,3-Dec-05,343316.99
1252,A38,3-Jan-06,296062.71
1253,A39,3-Feb-06,452779.82
1254,A40,3-Mar-06,46566.5
1255,A41,3-Apr-06,147383
1256,A42,3-May-06,121375.83
1257,A43,3-Jun-06,23525.91
1258,A44,3-Jul-06,216041.38
1259,A45,3-Aug-06,205479.86
1260,A46,3-Sep-06,23892.79
1261,A47,3-Oct-06,358785.8
1262,A48,3-Nov-06,243913.61
1263,A49,3-Dec-06,60465.21
1264,A50,12-Jan-04,326576.81
1265,A51,3-Jan-04,388214.09
1266,A52,15-Jan-04,489602.43
1267,A53,25-Jan-04,11268.5
1268,A54,17-Jan-05,203500.63
1269,A55,23-Feb-05,227481.16
1270,A56,1-Feb-05,114515.1
1271,A57,5-Feb-04,227773.43
1272,A58,28-Feb-05,472059.04
1273,A59,16-Feb-05,241955.01
1274,A60,23-Feb-05,392510.5
1275,A61,3-Feb-05,483148.94
1276,A60,4-Feb-06,357159.38
1277,A61,25-Mar-06,209308.38
1278,A62,31-Mar-06,365580.94
1279,A36,23-Mar-06,345065.63
1280,A37,24-Mar-06,265079.98
1281,A38,25-Mar-06,144010.86
1282,A39,26-Mar-06,268630.62
1283,A40,27-Mar-06,114173.32
1284,A41,28-Mar-06,200769.31
1285,A42,29-Mar-06,112818.01
1286,A43,30-Mar-06,408473.76
1287,A44,31-Mar-06,172860.76
1288,A45,1-Apr-06,372124.51
1289,A46,2-Apr-06,189830.78
1290,A47,3-Apr-06,343035.67
1291,A48,4-Apr-06,193744.98
1292,A49,12-Jan-04,158492.96
1293,A50,3-Jan-04,130448.63
1294,A51,15-Jan-04,442135.48
1295,A52,25-Jan-04,120208.05
1296,A53,12-Jan-04,29037.81
1297,A54,3-Jan-04,490081
1298,A55,15-Jan-04,316028.99
1299,A56,25-Jan-04,27422.08
1300,A57,12-Jan-04,266752.62
1301,A58,3-Jan-04,71289.84
1302,A59,15-Jan-04,76539.5
1303,A60,25-Jan-04,114865.73
1304,A61,12-Jan-04,10353.52
1305,A60,3-Jan-04,79983.14
1306,A61,15-Jan-04,126629.86
1307,A62,12-Jan-04,397129.81
1308,A36,3-Jan-04,327297.15
1309,A37,15-Jan-04,212293.63
1310,A38,25-Jan-04,318585.14
1311,A39,17-Jan-05,244332.47
1312,A40,23-Feb-05,9642.77
1313,A41,1-Feb-05,151703.5
1314,A42,5-Feb-04,21545.71
1315,A43,28-Feb-05,279634.66
1316,A44,16-Feb-05,495947.66
1317,A45,23-Feb-05,465097.84
1318,A46,3-Feb-05,301106.89
1319,A47,4-Feb-06,439922.04
1320,A48,25-Mar-06,488307.93
1321,A49,31-Mar-06,264136.91
1322,A50,23-Mar-06,427345.16
1323,A51,19-Mar-04,40944.31
1324,A52,5-Mar-06,325457.14
1325,A53,4-Apr-05,339645.86
1326,A54,30-Apr-06,449605.95
1327,A55,25-Apr-04,19052.19
1328,A56,19-Apr-06,313446.31
1329,A57,6-Apr-04,290318.29
1330,A58,27-Apr-05,118652.56
1331,A59,5-May-04,188806.32
1332,A60,6-May-06,4328.28
1333,A61,7-May-05,300765.73
1334,A60,8-May-06,204437.87
1335,A61,9-May-05,455414.03
1336,A62,10-May-06,333931.24
1337,A36,11-Jul-06,213919.73
1338,A37,12-Aug-05,368760.27
1339,A38,13-Sep-04,345877.86
1340,A39,20-Nov-05,411995.72
1341,A40,21-Nov-06,158553.86
1342,A41,22-Nov-05,222973.42
1343,A42,23-Nov-04,362899.7
1344,A43,24-May-05,371725.97
1345,A44,25-May-05,316407.62
1346,A45,5-May-04,10405.48
1347,A46,6-May-06,388392.43
1348,A47,7-May-05,173964.56
1349,A48,8-May-06,469730.31
1350,A49,9-May-05,41582.38
1351,A50,10-May-06,121273.54
1352,A51,11-Jul-06,415217.08
1353,A52,12-Aug-05,345394.74
1354,A53,13-Sep-04,102929.32
1355,A54,20-Nov-05,233706.14
1356,A55,21-Nov-06,93579.24
1357,A56,22-Nov-05,203251.42
1358,A57,23-Nov-04,105865.88
1359,A58,24-May-05,241401.66
1360,A59,25-May-05,176964.24
1361,A60,26-May-05,191817.83
1362,A61,27-May-05,494436.86
1363,A60,17-Jan-05,367052.39
1364,A61,23-Feb-05,4270.82
1365,A62,1-Feb-05,147917.74
1366,A36,5-Feb-04,8684.4
1367,A37,28-Feb-05,135124.83
1368,A38,16-Feb-05,488509.37
1369,A39,23-Feb-05,455199.85
1370,A40,3-Feb-05,498705.93
1371,A41,4-Feb-06,236112.79
1372,A42,25-Mar-06,215169.32
1373,A43,31-Mar-06,385497.32
1374,A44,23-Mar-06,314865.2
1375,A45,19-Mar-04,469461.95
1376,A46,5-Mar-06,87541.8
1377,A47,4-Apr-05,67703.39
1378,A48,30-Apr-06,469317.86
1379,A49,25-Apr-04,331737.44
1380,A50,19-Apr-06,400356.35
1381,A51,6-Apr-04,315663.16
1382,A52,27-Apr-05,186362.03
1383,A53,5-May-04,389063.67
1384,A54,6-May-06,316239.38
1385,A55,7-May-05,280192.28
1386,A56,8-May-06,307906.07
1387,A57,9-May-05,213950.24
1388,A58,10-May-06,2885.23
1389,A59,11-Jul-06,248922.33
1390,A60,12-Aug-05,380378.98
1391,A61,13-Sep-04,197912.13
1392,A60,20-Nov-05,294357.01
1393,A61,21-Nov-06,423828.84
1394,A62,22-Nov-05,301368.91
1395,A36,23-Nov-04,110114.4
1396,A37,24-May-05,418293.51
1397,A38,25-May-05,403693.93
1398,A39,26-May-05,368886.48
1399,A40,27-May-05,375790.65
1400,A41,28-May-05,405799.97
1401,A42,29-May-05,281673.17
1402,A43,30-May-05,386613.63
1403,A44,31-May-05,319725.99
1404,A45,1-Jun-05,303151.38
1405,A46,2-Jun-05,341607.11
1406,A47,3-Jun-05,341903.77
1407,A48,3-Jul-05,286146.08
1408,A49,3-Aug-05,321122.85
1409,A50,3-Sep-05,291161.44
1410,A51,3-Oct-05,78996.7
1411,A52,3-Nov-05,107869.48
1412,A53,3-Dec-05,457386.2
1413,A54,3-Jan-06,313826.33
1414,A55,3-Feb-06,460990.55
1415,A56,3-Mar-06,263951.05
1416,A57,3-Apr-06,77377.57
1417,A58,3-May-06,384545.52
1418,A59,3-Jun-06,379170.05
1419,A60,3-Jul-06,273877.36
1420,A61,3-Aug-06,197804.13
1421,A60,3-Sep-06,348314.61
1422,A61,3-Oct-06,289863.84
1423,A62,3-Nov-06,496752.69
1424,A36,3-Dec-06,146321.26
1425,A37,12-Jan-04,475932.34
1426,A38,3-Jan-04,380510.36
1427,A39,15-Jan-04,34423.35
1428,A40,25-Jan-04,75969.07
1429,A41,17-Jan-05,339184.49
1430,A42,23-Feb-05,454667.52
1431,A43,1-Feb-05,484212.27
1432,A44,5-Feb-04,113508.29
1433,A45,28-Feb-05,73404.9
1434,A46,16-Feb-05,323510.57
1435,A47,23-Feb-05,142961.13
1436,A48,3-Feb-05,95479.2
1437,A49,4-Feb-06,15546.35
1438,A50,25-Mar-06,480565.12
1439,A51,31-Mar-06,14203.78
1440,A52,23-Mar-06,350749.3
1441,A53,24-Mar-06,199377.19
1442,A54,25-Mar-06,100719.74
1443,A55,26-Mar-06,6998.51
1444,A56,27-Mar-06,491227.07
1445,A57,28-Mar-06,272993.36
1446,A58,29-Mar-06,451134.94
1447,A59,30-Mar-06,267436.51
1448,A60,31-Mar-06,28857.2
1449,A61,1-Apr-06,493770.08
1450,A60,2-Apr-06,357154.87
1451,A61,3-Apr-06,445448
1452,A62,4-Apr-06,164796.79
1453,A63,12-Jan-04,372179.26
1454,A36,3-Jan-04,224759.64
1455,A37,15-Jan-04,172120.27
1456,A38,25-Jan-04,73381.99
1457,A39,12-Jan-04,257117.37
1458,A40,3-Jan-04,30789.11
1459,A41,15-Jan-04,365627.28
1460,A42,25-Jan-04,464675.51
1461,A43,12-Jan-04,296859.59
1462,A44,3-Jan-04,472428.57
1463,A45,15-Jan-04,195249.7
1464,A46,25-Jan-04,112370.26
1465,A47,12-Jan-04,148075.49
1466,A48,3-Jan-04,380432.38
1467,A49,15-Jan-04,148187.72
1468,A50,12-Jan-04,25086.07
1469,A51,3-Jan-04,82082.48
1470,A52,15-Jan-04,63849.18
1471,A53,25-Jan-04,428893.02
1472,A54,17-Jan-05,146991.03
1473,A55,23-Feb-05,71140.33
1474,A56,1-Feb-05,55025.09
1475,A57,5-Feb-04,285552.8
1476,A58,28-Feb-05,91583.97
1477,A59,16-Feb-05,337836.23
1478,A60,23-Feb-05,14227.86
1479,A61,3-Feb-05,432084.39
1480,A60,4-Feb-06,398856.11
1481,A61,25-Mar-06,173324.28
1482,A62,31-Mar-06,180670.24
1483,A56,23-Mar-06,113871.65
1484,A57,19-Mar-04,207786.09
1485,A58,5-Mar-06,8746.94
1486,A59,4-Apr-05,16652.72
1487,A60,30-Apr-06,183029.6
1488,A61,25-Apr-04,233180.43
1489,A60,19-Apr-06,187041.66
1490,A61,6-Apr-04,322806.69
1491,A62,27-Apr-05,287805.43
1492,A63,5-May-04,416676.34
1493,A64,6-May-06,110614.61
1494,A65,7-May-05,230667.34
1495,A66,8-May-06,113094.58
1496,A67,9-May-05,55638.77
1497,A68,10-May-06,319836.49
1498,A69,11-Jul-06,247628.45
1499,A70,12-Aug-05,454016.51
1500,A71,13-Sep-04,56286.33